{"languages":{"python":{"displayName":"Python","files":["setup.py","scripts/refcounter.py","scripts/make_errors.py","scripts/make_errorcodes.py","scripts/build/download_packages_appveyor.py","doc/src/conf.py","scripts/build/appveyor.py","doc/src/tools/lib/ticket_role.py","doc/src/tools/lib/sql_role.py","doc/src/tools/make_sqlstate_docs.py","doc/src/tools/lib/dbapi_extension.py","lib/pool.py","lib/errorcodes.py","lib/extensions.py","lib/_ipaddress.py","lib/_json.py","lib/tz.py","lib/sql.py","tests/test_fast_executemany.py","lib/extras.py","lib/errors.py","lib/_range.py","lib/__init__.py","tests/test_bug_gc.py","tests/test_module.py","tests/test_types_extras.py","tests/dbapi20.py","tests/test_async.py","tests/test_errcodes.py","tests/test_connection.py","tests/test_notify.py","tests/test_quote.py","tests/test_with.py","tests/test_bugX000.py","tests/test_replication.py","tests/test_cursor.py","tests/test_green.py","tests/testconfig.py","tests/dbapi20_tpc.py","tests/test_extras_dictcursor.py","tests/test_copy.py","tests/test_types_basic.py","tests/test_sql.py","tests/test_cancel.py","tests/testutils.py","tests/test_dates.py","tests/test_errors.py","tests/test_transaction.py","tests/test_lobject.py","tests/__init__.py","tests/test_ipaddress.py","tests/test_psycopg2_dbapi20.py"],"linesOfCode":15995,"name":"python"},"cpp":{"displayName":"C/C++","files":["psycopg/cursor_type.c","psycopg/microprotocols_proto.c","psycopg/conninfo_type.c","psycopg/cursor_int.c","psycopg/xid_type.c","psycopg/adapter_binary.c","psycopg/typecast_array.c","psycopg/adapter_datetime.c","psycopg/diagnostics_type.c","psycopg/typecast_builtins.c","psycopg/pqpath.c","psycopg/adapter_list.c","psycopg/adapter_pboolean.c","psycopg/typecast_basic.c","psycopg/replication_message_type.c","psycopg/column_type.c","psycopg/typecast_binary.c","psycopg/aix_support.c","psycopg/connection_type.c","psycopg/adapter_pint.c","psycopg/adapter_pdecimal.c","psycopg/win32_support.c","psycopg/psycopgmodule.c","psycopg/typecast.c","psycopg/notify_type.c","psycopg/connection_int.c","psycopg/lobject_type.c","psycopg/replication_cursor_type.c","psycopg/typecast_datetime.c","psycopg/green.c","psycopg/libpq_support.c","psycopg/adapter_qstring.c","psycopg/adapter_asis.c","psycopg/error_type.c","psycopg/replication_connection_type.c","psycopg/microprotocols.c","psycopg/solaris_support.c","psycopg/adapter_pfloat.c","psycopg/lobject_int.c","psycopg/bytes_format.c","psycopg/utils.c","psycopg/adapter_binary.h","psycopg/adapter_pfloat.h","psycopg/replication_connection.h","psycopg/python.h","psycopg/cursor.h","psycopg/libpq_support.h","psycopg/win32_support.h","psycopg/diagnostics.h","psycopg/adapter_pboolean.h","psycopg/error.h","psycopg/microprotocols.h","psycopg/typecast_binary.h","psycopg/psycopg.h","psycopg/adapter_qstring.h","psycopg/adapter_list.h","psycopg/utils.h","psycopg/replication_message.h","psycopg/conninfo.h","psycopg/adapter_pdecimal.h","psycopg/pgtypes.h","psycopg/lobject.h","psycopg/adapter_pint.h","psycopg/microprotocols_proto.h","psycopg/aix_support.h","psycopg/solaris_support.h","psycopg/xid.h","psycopg/typecast.h","psycopg/connection.h","psycopg/column.h","psycopg/sqlstate_errors.h","psycopg/notify.h","psycopg/pqpath.h","psycopg/adapter_asis.h","psycopg/green.h","psycopg/adapter_datetime.h","psycopg/config.h","psycopg/replication_cursor.h"],"linesOfCode":14529,"name":"cpp"}}}